{"stats":{"minecraft:picked_up":{"minecraft:repeater":2,"minecraft:oak_sign":1,"minecraft:stone_button":1,"minecraft:redstone":23},"minecraft:custom":{"minecraft:time_since_rest":156449,"minecraft:crouch_one_cm":3133,"minecraft:sprint_one_cm":2087,"minecraft:play_time":156449,"minecraft:walk_one_cm":299392,"minecraft:sneak_time":3027,"minecraft:jump":596,"minecraft:damage_dealt":10,"minecraft:leave_game":8,"minecraft:time_since_death":156449,"minecraft:total_world_time":168023,"minecraft:fly_one_cm":628070},"minecraft:used":{"minecraft:redstone_torch":14,"minecraft:sticky_piston":73,"minecraft:glass":174,"minecraft:lever":16,"minecraft:repeater":156,"minecraft:redstone_lamp":175,"minecraft:rail":5,"minecraft:command_block":2,"minecraft:red_wool":4,"minecraft:white_banner":7,"minecraft:green_wool":110,"minecraft:grass_block":4,"minecraft:polished_andesite":750,"minecraft:redstone":526,"minecraft:oak_button":3,"minecraft:lime_wool":144,"minecraft:stone_button":7,"minecraft:oak_sign":11,"minecraft:note_block":2,"minecraft:gray_wool":333,"minecraft:redstone_block":228,"minecraft:red_dye":6,"minecraft:white_dye":1,"minecraft:command_block_minecart":1,"minecraft:glow_ink_sac":7}},"DataVersion":2860}